image_id,game_id,name,release_date,rating,genres,player_perspectives,platforms
koajaesby7cmhujlcwkl,1105,Metroid Prime,1037491200,92.51745425577823,"Shooter, Platform, Puzzle, Adventure",First person,[21]
poegvjadtys8fflxpxnu,1105,Metroid Prime,1037491200,92.51745425577823,"Shooter, Platform, Puzzle, Adventure",First person,[21]
lrx26njeiciksjqby7ou,1105,Metroid Prime,1037491200,92.51745425577823,"Shooter, Platform, Puzzle, Adventure",First person,[21]
vux5gzepdeqvhvm84rcz,1105,Metroid Prime,1037491200,92.51745425577823,"Shooter, Platform, Puzzle, Adventure",First person,[21]
jlt7ncnm7cheka0hmypd,1105,Metroid Prime,1037491200,92.51745425577823,"Shooter, Platform, Puzzle, Adventure",First person,[21]
vbr5pcodmqah56dbsc9v,1105,Metroid Prime,1037491200,92.51745425577823,"Shooter, Platform, Puzzle, Adventure",First person,[21]
uu9ch2azikxoc06kdlsm,1105,Metroid Prime,1037491200,92.51745425577823,"Shooter, Platform, Puzzle, Adventure",First person,[21]
odn0rkifmflc0xusbovl,1105,Metroid Prime,1037491200,92.51745425577823,"Shooter, Platform, Puzzle, Adventure",First person,[21]
diemffq1eggulafx3bqm,1105,Metroid Prime,1037491200,92.51745425577823,"Shooter, Platform, Puzzle, Adventure",First person,[21]
vbdsy0skk851bz9d5xic,1105,Metroid Prime,1037491200,92.51745425577823,"Shooter, Platform, Puzzle, Adventure",First person,[21]
iqfqrjvymtqgmy9liedj,1105,Metroid Prime,1037491200,92.51745425577823,"Shooter, Platform, Puzzle, Adventure",First person,[21]
u8hzyqyvtimflivvlyqz,1105,Metroid Prime,1037491200,92.51745425577823,"Shooter, Platform, Puzzle, Adventure",First person,[21]
sc8915,481,Silent Hill 2,1001289600,91.01989778236066,"Puzzle, Adventure",Third person,[8]
sc8917,481,Silent Hill 2,1001289600,91.01989778236066,"Puzzle, Adventure",Third person,[8]
sc8916,481,Silent Hill 2,1001289600,91.01989778236066,"Puzzle, Adventure",Third person,[8]
sc8919,481,Silent Hill 2,1001289600,91.01989778236066,"Puzzle, Adventure",Third person,[8]
sc891b,481,Silent Hill 2,1001289600,91.01989778236066,"Puzzle, Adventure",Third person,[8]
sc891a,481,Silent Hill 2,1001289600,91.01989778236066,"Puzzle, Adventure",Third person,[8]
meykaqey1soxhtcpawbk,116,Star Wars: Knights of the Old Republic,1058227200,90.68185873742657,"Role-playing (RPG), Adventure",Third person,"[11, 34, 6, 39, 14, 130]"
tr3gnlvwjny4hhoxohjf,116,Star Wars: Knights of the Old Republic,1058227200,90.68185873742657,"Role-playing (RPG), Adventure",Third person,"[11, 34, 6, 39, 14, 130]"
h4j196xtabauif8kfyzk,116,Star Wars: Knights of the Old Republic,1058227200,90.68185873742657,"Role-playing (RPG), Adventure",Third person,"[11, 34, 6, 39, 14, 130]"
u5wjmqgocr56mbjiy39o,116,Star Wars: Knights of the Old Republic,1058227200,90.68185873742657,"Role-playing (RPG), Adventure",Third person,"[11, 34, 6, 39, 14, 130]"
t6sbntrryrakyhizdoab,116,Star Wars: Knights of the Old Republic,1058227200,90.68185873742657,"Role-playing (RPG), Adventure",Third person,"[11, 34, 6, 39, 14, 130]"
scs28v,116,Star Wars: Knights of the Old Republic,1058227200,90.68185873742657,"Role-playing (RPG), Adventure",Third person,"[11, 34, 6, 39, 14, 130]"
scs28w,116,Star Wars: Knights of the Old Republic,1058227200,90.68185873742657,"Role-playing (RPG), Adventure",Third person,"[11, 34, 6, 39, 14, 130]"
scs28x,116,Star Wars: Knights of the Old Republic,1058227200,90.68185873742657,"Role-playing (RPG), Adventure",Third person,"[11, 34, 6, 39, 14, 130]"
scs28y,116,Star Wars: Knights of the Old Republic,1058227200,90.68185873742657,"Role-playing (RPG), Adventure",Third person,"[11, 34, 6, 39, 14, 130]"
scs28z,116,Star Wars: Knights of the Old Republic,1058227200,90.68185873742657,"Role-playing (RPG), Adventure",Third person,"[11, 34, 6, 39, 14, 130]"
scs290,116,Star Wars: Knights of the Old Republic,1058227200,90.68185873742657,"Role-playing (RPG), Adventure",Third person,"[11, 34, 6, 39, 14, 130]"
scs291,116,Star Wars: Knights of the Old Republic,1058227200,90.68185873742657,"Role-playing (RPG), Adventure",Third person,"[11, 34, 6, 39, 14, 130]"
scs292,116,Star Wars: Knights of the Old Republic,1058227200,90.68185873742657,"Role-playing (RPG), Adventure",Third person,"[11, 34, 6, 39, 14, 130]"
scs293,116,Star Wars: Knights of the Old Republic,1058227200,90.68185873742657,"Role-playing (RPG), Adventure",Third person,"[11, 34, 6, 39, 14, 130]"
scs294,116,Star Wars: Knights of the Old Republic,1058227200,90.68185873742657,"Role-playing (RPG), Adventure",Third person,"[11, 34, 6, 39, 14, 130]"
scs295,116,Star Wars: Knights of the Old Republic,1058227200,90.68185873742657,"Role-playing (RPG), Adventure",Third person,"[11, 34, 6, 39, 14, 130]"
scs296,116,Star Wars: Knights of the Old Republic,1058227200,90.68185873742657,"Role-playing (RPG), Adventure",Third person,"[11, 34, 6, 39, 14, 130]"
scs297,116,Star Wars: Knights of the Old Republic,1058227200,90.68185873742657,"Role-playing (RPG), Adventure",Third person,"[11, 34, 6, 39, 14, 130]"
scs298,116,Star Wars: Knights of the Old Republic,1058227200,90.68185873742657,"Role-playing (RPG), Adventure",Third person,"[11, 34, 6, 39, 14, 130]"
scs299,116,Star Wars: Knights of the Old Republic,1058227200,90.68185873742657,"Role-playing (RPG), Adventure",Third person,"[11, 34, 6, 39, 14, 130]"
mpphkihhk8yh9m2zaafd,233,Half-Life 2,1100563200,90.63842016570734,Shooter,First person,"[11, 9, 3, 34, 6, 14, 12]"
iau5t12jemoelx0xuzna,233,Half-Life 2,1100563200,90.63842016570734,Shooter,First person,"[11, 9, 3, 34, 6, 14, 12]"
muyxb9cljgsy245fcimx,233,Half-Life 2,1100563200,90.63842016570734,Shooter,First person,"[11, 9, 3, 34, 6, 14, 12]"
nnlfbf8blflrlmuarfej,233,Half-Life 2,1100563200,90.63842016570734,Shooter,First person,"[11, 9, 3, 34, 6, 14, 12]"
ga0lj5zqeqd7moyzxij9,233,Half-Life 2,1100563200,90.63842016570734,Shooter,First person,"[11, 9, 3, 34, 6, 14, 12]"
scj0v9,375,Metal Gear Solid,904780800,90.5502053773297,"Tactical, Adventure",Third person,"[9, 6, 7, 38]"
scj0vg,375,Metal Gear Solid,904780800,90.5502053773297,"Tactical, Adventure",Third person,"[9, 6, 7, 38]"
scj0vf,375,Metal Gear Solid,904780800,90.5502053773297,"Tactical, Adventure",Third person,"[9, 6, 7, 38]"
scj0va,375,Metal Gear Solid,904780800,90.5502053773297,"Tactical, Adventure",Third person,"[9, 6, 7, 38]"
scj0vb,375,Metal Gear Solid,904780800,90.5502053773297,"Tactical, Adventure",Third person,"[9, 6, 7, 38]"
scj0vc,375,Metal Gear Solid,904780800,90.5502053773297,"Tactical, Adventure",Third person,"[9, 6, 7, 38]"
scj0vd,375,Metal Gear Solid,904780800,90.5502053773297,"Tactical, Adventure",Third person,"[9, 6, 7, 38]"
scj0ve,375,Metal Gear Solid,904780800,90.5502053773297,"Tactical, Adventure",Third person,"[9, 6, 7, 38]"
schnqk,427,Final Fantasy VII,854668800,90.49443975770342,"Role-playing (RPG), Turn-based strategy (TBS), Adventure","Third person, Bird view / Isometric","[9, 7, 38]"
schnql,427,Final Fantasy VII,854668800,90.49443975770342,"Role-playing (RPG), Turn-based strategy (TBS), Adventure","Third person, Bird view / Isometric","[9, 7, 38]"
schmzc,427,Final Fantasy VII,854668800,90.49443975770342,"Role-playing (RPG), Turn-based strategy (TBS), Adventure","Third person, Bird view / Isometric","[9, 7, 38]"
schmzd,427,Final Fantasy VII,854668800,90.49443975770342,"Role-playing (RPG), Turn-based strategy (TBS), Adventure","Third person, Bird view / Isometric","[9, 7, 38]"
schmze,427,Final Fantasy VII,854668800,90.49443975770342,"Role-playing (RPG), Turn-based strategy (TBS), Adventure","Third person, Bird view / Isometric","[9, 7, 38]"
schmzf,427,Final Fantasy VII,854668800,90.49443975770342,"Role-playing (RPG), Turn-based strategy (TBS), Adventure","Third person, Bird view / Isometric","[9, 7, 38]"
schmzi,427,Final Fantasy VII,854668800,90.49443975770342,"Role-playing (RPG), Turn-based strategy (TBS), Adventure","Third person, Bird view / Isometric","[9, 7, 38]"
eswubyh9h3uereuyumjq,732,Grand Theft Auto: San Andreas,1098748800,90.3554616020152,"Shooter, Racing, Adventure","First person, Third person","[11, 9, 48, 34, 6, 39, 14, 12, 8]"
e11zpyhhjc9qdqgrx7v0,732,Grand Theft Auto: San Andreas,1098748800,90.3554616020152,"Shooter, Racing, Adventure","First person, Third person","[11, 9, 48, 34, 6, 39, 14, 12, 8]"
hircn6ewsgu70ynlzis5,732,Grand Theft Auto: San Andreas,1098748800,90.3554616020152,"Shooter, Racing, Adventure","First person, Third person","[11, 9, 48, 34, 6, 39, 14, 12, 8]"
sojdbdt93e06wojplpsj,732,Grand Theft Auto: San Andreas,1098748800,90.3554616020152,"Shooter, Racing, Adventure","First person, Third person","[11, 9, 48, 34, 6, 39, 14, 12, 8]"
dbbtmdz0q1536npbpr5o,732,Grand Theft Auto: San Andreas,1098748800,90.3554616020152,"Shooter, Racing, Adventure","First person, Third person","[11, 9, 48, 34, 6, 39, 14, 12, 8]"
scgoqe,732,Grand Theft Auto: San Andreas,1098748800,90.3554616020152,"Shooter, Racing, Adventure","First person, Third person","[11, 9, 48, 34, 6, 39, 14, 12, 8]"
scgoqf,732,Grand Theft Auto: San Andreas,1098748800,90.3554616020152,"Shooter, Racing, Adventure","First person, Third person","[11, 9, 48, 34, 6, 39, 14, 12, 8]"
scgoqg,732,Grand Theft Auto: San Andreas,1098748800,90.3554616020152,"Shooter, Racing, Adventure","First person, Third person","[11, 9, 48, 34, 6, 39, 14, 12, 8]"
scgoqh,732,Grand Theft Auto: San Andreas,1098748800,90.3554616020152,"Shooter, Racing, Adventure","First person, Third person","[11, 9, 48, 34, 6, 39, 14, 12, 8]"
scgoqi,732,Grand Theft Auto: San Andreas,1098748800,90.3554616020152,"Shooter, Racing, Adventure","First person, Third person","[11, 9, 48, 34, 6, 39, 14, 12, 8]"
scgoqj,732,Grand Theft Auto: San Andreas,1098748800,90.3554616020152,"Shooter, Racing, Adventure","First person, Third person","[11, 9, 48, 34, 6, 39, 14, 12, 8]"
scgoqk,732,Grand Theft Auto: San Andreas,1098748800,90.3554616020152,"Shooter, Racing, Adventure","First person, Third person","[11, 9, 48, 34, 6, 39, 14, 12, 8]"
schmyk,207021,Final Fantasy VII,898646400,89.96292571207071,"Role-playing (RPG), Turn-based strategy (TBS), Adventure","Third person, Bird view / Isometric",[6]
schmyl,207021,Final Fantasy VII,898646400,89.96292571207071,"Role-playing (RPG), Turn-based strategy (TBS), Adventure","Third person, Bird view / Isometric",[6]
schmym,207021,Final Fantasy VII,898646400,89.96292571207071,"Role-playing (RPG), Turn-based strategy (TBS), Adventure","Third person, Bird view / Isometric",[6]
schmyn,207021,Final Fantasy VII,898646400,89.96292571207071,"Role-playing (RPG), Turn-based strategy (TBS), Adventure","Third person, Bird view / Isometric",[6]
schmyo,207021,Final Fantasy VII,898646400,89.96292571207071,"Role-playing (RPG), Turn-based strategy (TBS), Adventure","Third person, Bird view / Isometric",[6]
schmyp,207021,Final Fantasy VII,898646400,89.96292571207071,"Role-playing (RPG), Turn-based strategy (TBS), Adventure","Third person, Bird view / Isometric",[6]
schmyq,207021,Final Fantasy VII,898646400,89.96292571207071,"Role-playing (RPG), Turn-based strategy (TBS), Adventure","Third person, Bird view / Isometric",[6]
tn5gpywrvya92wq1ang8,22,System Shock 2,934329600,89.43000845269697,"Shooter, Role-playing (RPG)",First person,"[3, 6, 14]"
kg9eb5wd5u5j9wtvafrw,22,System Shock 2,934329600,89.43000845269697,"Shooter, Role-playing (RPG)",First person,"[3, 6, 14]"
gdanfmlxy57gzla4smbb,22,System Shock 2,934329600,89.43000845269697,"Shooter, Role-playing (RPG)",First person,"[3, 6, 14]"
g11vipidv1pmwqdqthvn,22,System Shock 2,934329600,89.43000845269697,"Shooter, Role-playing (RPG)",First person,"[3, 6, 14]"
svqo3ngaapyvcvjza7yx,22,System Shock 2,934329600,89.43000845269697,"Shooter, Role-playing (RPG)",First person,"[3, 6, 14]"
sc5j8p,22,System Shock 2,934329600,89.43000845269697,"Shooter, Role-playing (RPG)",First person,"[3, 6, 14]"
sc5j8q,22,System Shock 2,934329600,89.43000845269697,"Shooter, Role-playing (RPG)",First person,"[3, 6, 14]"
sc5j8r,22,System Shock 2,934329600,89.43000845269697,"Shooter, Role-playing (RPG)",First person,"[3, 6, 14]"
sc5j8s,22,System Shock 2,934329600,89.43000845269697,"Shooter, Role-playing (RPG)",First person,"[3, 6, 14]"
sc5j8t,22,System Shock 2,934329600,89.43000845269697,"Shooter, Role-playing (RPG)",First person,"[3, 6, 14]"
zkr9mepmjy8w233yhofd,6453,Katamari Damacy,1079568000,88.70966780067678,"Puzzle, Adventure",Third person,"[9, 8]"
h8fpphgv0fugoyrsdxbh,6453,Katamari Damacy,1079568000,88.70966780067678,"Puzzle, Adventure",Third person,"[9, 8]"
ke5sq1meg5pdhmcrec2d,6453,Katamari Damacy,1079568000,88.70966780067678,"Puzzle, Adventure",Third person,"[9, 8]"
ksqanr5xcqrbzypne6s7,6453,Katamari Damacy,1079568000,88.70966780067678,"Puzzle, Adventure",Third person,"[9, 8]"
wm6lxwuqwg5xvenr0n5q,6453,Katamari Damacy,1079568000,88.70966780067678,"Puzzle, Adventure",Third person,"[9, 8]"
sc96s3,145191,Resident Evil 4,1130198400,88.50786358079077,"Shooter, Adventure",Third person,"[6, 8]"
sc96s4,145191,Resident Evil 4,1130198400,88.50786358079077,"Shooter, Adventure",Third person,"[6, 8]"
sc96s5,145191,Resident Evil 4,1130198400,88.50786358079077,"Shooter, Adventure",Third person,"[6, 8]"
sc96s6,145191,Resident Evil 4,1130198400,88.50786358079077,"Shooter, Adventure",Third person,"[6, 8]"
sc96s7,145191,Resident Evil 4,1130198400,88.50786358079077,"Shooter, Adventure",Third person,"[6, 8]"
sc96s8,145191,Resident Evil 4,1130198400,88.50786358079077,"Shooter, Adventure",Third person,"[6, 8]"
bpyqlfhfbnhxf2jl5qao,231,Half-Life,911433600,88.45786470474175,"Shooter, Puzzle, Adventure",First person,"[3, 6, 14, 8]"
i8ey1ywk535qolfrwdf0,231,Half-Life,911433600,88.45786470474175,"Shooter, Puzzle, Adventure",First person,"[3, 6, 14, 8]"
g9cvvoi9ftpdax4dmwdp,231,Half-Life,911433600,88.45786470474175,"Shooter, Puzzle, Adventure",First person,"[3, 6, 14, 8]"
rthkfaau3znzdzzhtftq,231,Half-Life,911433600,88.45786470474175,"Shooter, Puzzle, Adventure",First person,"[3, 6, 14, 8]"
kxwmkaixbsuvyaeqana7,231,Half-Life,911433600,88.45786470474175,"Shooter, Puzzle, Adventure",First person,"[3, 6, 14, 8]"
scva59,231,Half-Life,911433600,88.45786470474175,"Shooter, Puzzle, Adventure",First person,"[3, 6, 14, 8]"
scva5a,231,Half-Life,911433600,88.45786470474175,"Shooter, Puzzle, Adventure",First person,"[3, 6, 14, 8]"
scva5b,231,Half-Life,911433600,88.45786470474175,"Shooter, Puzzle, Adventure",First person,"[3, 6, 14, 8]"
scva5c,231,Half-Life,911433600,88.45786470474175,"Shooter, Puzzle, Adventure",First person,"[3, 6, 14, 8]"
scva5d,231,Half-Life,911433600,88.45786470474175,"Shooter, Puzzle, Adventure",First person,"[3, 6, 14, 8]"
scva5e,231,Half-Life,911433600,88.45786470474175,"Shooter, Puzzle, Adventure",First person,"[3, 6, 14, 8]"
scva5f,231,Half-Life,911433600,88.45786470474175,"Shooter, Puzzle, Adventure",First person,"[3, 6, 14, 8]"
fkl6jtwogmphqkudqguz,132,Warcraft III: Reign of Chaos,1025654400,88.29015952518637,"Real Time Strategy (RTS), Strategy",Bird view / Isometric,"[6, 14]"
do7fzlkypmp22x37a5ks,132,Warcraft III: Reign of Chaos,1025654400,88.29015952518637,"Real Time Strategy (RTS), Strategy",Bird view / Isometric,"[6, 14]"
z4oymgtypnhhp4lp0w06,132,Warcraft III: Reign of Chaos,1025654400,88.29015952518637,"Real Time Strategy (RTS), Strategy",Bird view / Isometric,"[6, 14]"
l6ezo1ovn3rdkweivu7o,132,Warcraft III: Reign of Chaos,1025654400,88.29015952518637,"Real Time Strategy (RTS), Strategy",Bird view / Isometric,"[6, 14]"
i1oynuvf858i7g9nw5vk,132,Warcraft III: Reign of Chaos,1025654400,88.29015952518637,"Real Time Strategy (RTS), Strategy",Bird view / Isometric,"[6, 14]"
sc9fxk,421,Final Fantasy IX,962928000,87.92755201372995,"Role-playing (RPG), Turn-based strategy (TBS)","Third person, Bird view / Isometric","[9, 7, 38]"
sc9fxg,421,Final Fantasy IX,962928000,87.92755201372995,"Role-playing (RPG), Turn-based strategy (TBS)","Third person, Bird view / Isometric","[9, 7, 38]"
sc9fxh,421,Final Fantasy IX,962928000,87.92755201372995,"Role-playing (RPG), Turn-based strategy (TBS)","Third person, Bird view / Isometric","[9, 7, 38]"
sc9fxi,421,Final Fantasy IX,962928000,87.92755201372995,"Role-playing (RPG), Turn-based strategy (TBS)","Third person, Bird view / Isometric","[9, 7, 38]"
sc9fxj,421,Final Fantasy IX,962928000,87.92755201372995,"Role-playing (RPG), Turn-based strategy (TBS)","Third person, Bird view / Isometric","[9, 7, 38]"
sc9fxl,421,Final Fantasy IX,962928000,87.92755201372995,"Role-playing (RPG), Turn-based strategy (TBS)","Third person, Bird view / Isometric","[9, 7, 38]"
sc9fxm,421,Final Fantasy IX,962928000,87.92755201372995,"Role-playing (RPG), Turn-based strategy (TBS)","Third person, Bird view / Isometric","[9, 7, 38]"
sc9ge7,418,Final Fantasy X,995500800,87.88770267677577,"Role-playing (RPG), Adventure","Third person, Bird view / Isometric, Side view",[8]
sc9ge8,418,Final Fantasy X,995500800,87.88770267677577,"Role-playing (RPG), Adventure","Third person, Bird view / Isometric, Side view",[8]
sc9ge9,418,Final Fantasy X,995500800,87.88770267677577,"Role-playing (RPG), Adventure","Third person, Bird view / Isometric, Side view",[8]
sc9gea,418,Final Fantasy X,995500800,87.88770267677577,"Role-playing (RPG), Adventure","Third person, Bird view / Isometric, Side view",[8]
sc9geb,418,Final Fantasy X,995500800,87.88770267677577,"Role-playing (RPG), Adventure","Third person, Bird view / Isometric, Side view",[8]
sc9gec,418,Final Fantasy X,995500800,87.88770267677577,"Role-playing (RPG), Adventure","Third person, Bird view / Isometric, Side view",[8]
sc9ged,418,Final Fantasy X,995500800,87.88770267677577,"Role-playing (RPG), Adventure","Third person, Bird view / Isometric, Side view",[8]
sc9gee,418,Final Fantasy X,995500800,87.88770267677577,"Role-playing (RPG), Adventure","Third person, Bird view / Isometric, Side view",[8]
scif7n,974,Resident Evil 4,1105401600,87.50109463037512,"Shooter, Adventure",Third person,[21]
scif7o,974,Resident Evil 4,1105401600,87.50109463037512,"Shooter, Adventure",Third person,[21]
scif7p,974,Resident Evil 4,1105401600,87.50109463037512,"Shooter, Adventure",Third person,[21]
scif7q,974,Resident Evil 4,1105401600,87.50109463037512,"Shooter, Adventure",Third person,[21]
scif7r,974,Resident Evil 4,1105401600,87.50109463037512,"Shooter, Adventure",Third person,[21]
yl0nzc7itjnc6oyawagp,733,Grand Theft Auto: Vice City,1035676800,87.41896665758107,"Shooter, Racing, Adventure, Arcade",Third person,"[11, 6, 14, 8]"
tfcu496z7nwgnkbqfvrv,733,Grand Theft Auto: Vice City,1035676800,87.41896665758107,"Shooter, Racing, Adventure, Arcade",Third person,"[11, 6, 14, 8]"
cqiwbbgjhersmqru7339,733,Grand Theft Auto: Vice City,1035676800,87.41896665758107,"Shooter, Racing, Adventure, Arcade",Third person,"[11, 6, 14, 8]"
ilxqfgiaxygal1srqnfz,733,Grand Theft Auto: Vice City,1035676800,87.41896665758107,"Shooter, Racing, Adventure, Arcade",Third person,"[11, 6, 14, 8]"
txxrbak4yycdogvvjwtb,733,Grand Theft Auto: Vice City,1035676800,87.41896665758107,"Shooter, Racing, Adventure, Arcade",Third person,"[11, 6, 14, 8]"
sc83c5,1,Thief II: The Metal Age,953596800,87.20322683686865,"Shooter, Simulator, Adventure",First person,[6]
puvydf5d6v0zirxfhzpg,1,Thief II: The Metal Age,953596800,87.20322683686865,"Shooter, Simulator, Adventure",First person,[6]
z0b9mqcqbtmnnxigekjc,1,Thief II: The Metal Age,953596800,87.20322683686865,"Shooter, Simulator, Adventure",First person,[6]
h4eotdbgoo30v40jtus0,1,Thief II: The Metal Age,953596800,87.20322683686865,"Shooter, Simulator, Adventure",First person,[6]
yf2hsfdd4fe9ev6wmpye,1,Thief II: The Metal Age,953596800,87.20322683686865,"Shooter, Simulator, Adventure",First person,[6]
ja4t61c1ndvtzufbdrf4,1,Thief II: The Metal Age,953596800,87.20322683686865,"Shooter, Simulator, Adventure",First person,[6]
sc83c6,1,Thief II: The Metal Age,953596800,87.20322683686865,"Shooter, Simulator, Adventure",First person,[6]
sc83c7,1,Thief II: The Metal Age,953596800,87.20322683686865,"Shooter, Simulator, Adventure",First person,[6]
sc83c4,1,Thief II: The Metal Age,953596800,87.20322683686865,"Shooter, Simulator, Adventure",First person,[6]
sc83c8,1,Thief II: The Metal Age,953596800,87.20322683686865,"Shooter, Simulator, Adventure",First person,[6]
wzniaai3xwf7ake428sp,41,Deus Ex,961977600,86.98013036652148,"Shooter, Role-playing (RPG), Adventure",First person,"[3, 6, 14]"
vlacs93unhsemy6veood,41,Deus Ex,961977600,86.98013036652148,"Shooter, Role-playing (RPG), Adventure",First person,"[3, 6, 14]"
qfb0xlyqyxebw0l4rybe,41,Deus Ex,961977600,86.98013036652148,"Shooter, Role-playing (RPG), Adventure",First person,"[3, 6, 14]"
morlllgbauqdlpa6lti5,41,Deus Ex,961977600,86.98013036652148,"Shooter, Role-playing (RPG), Adventure",First person,"[3, 6, 14]"
fh3xrdrl6obrnompl8b2,41,Deus Ex,961977600,86.98013036652148,"Shooter, Role-playing (RPG), Adventure",First person,"[3, 6, 14]"
kjbwbdqemykovdzgidhu,20,BioShock,1187654400,86.75765663598264,"Shooter, Puzzle, Role-playing (RPG), Adventure",First person,"[6, 14, 12]"
unvhwxrfzpjys4txfv4a,20,BioShock,1187654400,86.75765663598264,"Shooter, Puzzle, Role-playing (RPG), Adventure",First person,"[6, 14, 12]"
yg3j0yco50gq3wfcxujb,20,BioShock,1187654400,86.75765663598264,"Shooter, Puzzle, Role-playing (RPG), Adventure",First person,"[6, 14, 12]"
wworjqefsfzc9ouvrpxd,20,BioShock,1187654400,86.75765663598264,"Shooter, Puzzle, Role-playing (RPG), Adventure",First person,"[6, 14, 12]"
usn4aw2k54ym8jcjbkmg,20,BioShock,1187654400,86.75765663598264,"Shooter, Puzzle, Role-playing (RPG), Adventure",First person,"[6, 14, 12]"
zzd1rj1nvidcf2c1kxfi,2,Thief: The Dark Project,912384000,86.70699832716572,"Simulator, Adventure",First person,[6]
toutvbhdj0ll88wt9jjf,2,Thief: The Dark Project,912384000,86.70699832716572,"Simulator, Adventure",First person,[6]
e9hwdhnl6fbpne1thiu2,2,Thief: The Dark Project,912384000,86.70699832716572,"Simulator, Adventure",First person,[6]
wisqqkvrtl93vfocx6wn,2,Thief: The Dark Project,912384000,86.70699832716572,"Simulator, Adventure",First person,[6]
ejqhijtsgahc2bru0tn8,2,Thief: The Dark Project,912384000,86.70699832716572,"Simulator, Adventure",First person,[6]
x7pzfljardlljvtqcgv4,71,Portal,1191974400,86.49169646974599,"Shooter, Platform, Puzzle",First person,"[9, 3, 34, 6, 14, 12, 130]"
co2mtfe04a5iclqoo11c,71,Portal,1191974400,86.49169646974599,"Shooter, Platform, Puzzle",First person,"[9, 3, 34, 6, 14, 12, 130]"
hod8sle7imoqjh1zb7nj,71,Portal,1191974400,86.49169646974599,"Shooter, Platform, Puzzle",First person,"[9, 3, 34, 6, 14, 12, 130]"
oycbiasvmiewjxncqlgd,71,Portal,1191974400,86.49169646974599,"Shooter, Platform, Puzzle",First person,"[9, 3, 34, 6, 14, 12, 130]"
gdgj7p0vo52jpwoxtm3v,71,Portal,1191974400,86.49169646974599,"Shooter, Platform, Puzzle",First person,"[9, 3, 34, 6, 14, 12, 130]"
r3uwmc94irofukfk6odw,73,Mass Effect,1195516800,86.17441544206144,"Shooter, Role-playing (RPG)",Third person,"[9, 6, 12]"
hatacbd1inqmu5cavj7z,73,Mass Effect,1195516800,86.17441544206144,"Shooter, Role-playing (RPG)",Third person,"[9, 6, 12]"
feadbwfkxgfbuy7ohnu5,73,Mass Effect,1195516800,86.17441544206144,"Shooter, Role-playing (RPG)",Third person,"[9, 6, 12]"
mcoa62ivpynxt9jnx3ys,73,Mass Effect,1195516800,86.17441544206144,"Shooter, Role-playing (RPG)",Third person,"[9, 6, 12]"
onndes2gzmquz0e8rpli,73,Mass Effect,1195516800,86.17441544206144,"Shooter, Role-playing (RPG)",Third person,"[9, 6, 12]"
scjh59,76,Dragon Age: Origins,1257206400,85.99773823787669,Role-playing (RPG),"Third person, Bird view / Isometric","[9, 6, 14, 12]"
scjh55,76,Dragon Age: Origins,1257206400,85.99773823787669,Role-playing (RPG),"Third person, Bird view / Isometric","[9, 6, 14, 12]"
scjh56,76,Dragon Age: Origins,1257206400,85.99773823787669,Role-playing (RPG),"Third person, Bird view / Isometric","[9, 6, 14, 12]"
scjh57,76,Dragon Age: Origins,1257206400,85.99773823787669,Role-playing (RPG),"Third person, Bird view / Isometric","[9, 6, 14, 12]"
scjh58,76,Dragon Age: Origins,1257206400,85.99773823787669,Role-playing (RPG),"Third person, Bird view / Isometric","[9, 6, 14, 12]"
scjh5a,76,Dragon Age: Origins,1257206400,85.99773823787669,Role-playing (RPG),"Third person, Bird view / Isometric","[9, 6, 14, 12]"
hj1lsmfhxysduatojr60,37,Dead Space,1223942400,85.72985111142329,"Shooter, Puzzle",Third person,"[9, 6, 12]"
fdpzkez7ve4ukv28aqcu,37,Dead Space,1223942400,85.72985111142329,"Shooter, Puzzle",Third person,"[9, 6, 12]"
nxy7aqbsf76p6tx81675,37,Dead Space,1223942400,85.72985111142329,"Shooter, Puzzle",Third person,"[9, 6, 12]"
oxev4x5svixjrn8mngvm,37,Dead Space,1223942400,85.72985111142329,"Shooter, Puzzle",Third person,"[9, 6, 12]"
ulkxjyhfhtiupjn3ix45,37,Dead Space,1223942400,85.72985111142329,"Shooter, Puzzle",Third person,"[9, 6, 12]"
sc8jpd,1601,Gran Turismo 4,1104192000,85.71625936907976,"Racing, Simulator","First person, Third person, Side view",[8]
sc8jpe,1601,Gran Turismo 4,1104192000,85.71625936907976,"Racing, Simulator","First person, Third person, Side view",[8]
sc8jpf,1601,Gran Turismo 4,1104192000,85.71625936907976,"Racing, Simulator","First person, Third person, Side view",[8]
sc8jpg,1601,Gran Turismo 4,1104192000,85.71625936907976,"Racing, Simulator","First person, Third person, Side view",[8]
sc7ssk,1601,Gran Turismo 4,1104192000,85.71625936907976,"Racing, Simulator","First person, Third person, Side view",[8]
h9veheuzixnprnagwoiq,1601,Gran Turismo 4,1104192000,85.71625936907976,"Racing, Simulator","First person, Third person, Side view",[8]
ridg08qfrxguizrxowca,1601,Gran Turismo 4,1104192000,85.71625936907976,"Racing, Simulator","First person, Third person, Side view",[8]
uh5iexdxxrftkyxqwgvs,1601,Gran Turismo 4,1104192000,85.71625936907976,"Racing, Simulator","First person, Third person, Side view",[8]
sc7ssi,1601,Gran Turismo 4,1104192000,85.71625936907976,"Racing, Simulator","First person, Third person, Side view",[8]
sc7ssh,1601,Gran Turismo 4,1104192000,85.71625936907976,"Racing, Simulator","First person, Third person, Side view",[8]
sc7ssg,1601,Gran Turismo 4,1104192000,85.71625936907976,"Racing, Simulator","First person, Third person, Side view",[8]
sc7ssj,1601,Gran Turismo 4,1104192000,85.71625936907976,"Racing, Simulator","First person, Third person, Side view",[8]
ctdzxmrkdil0nbiqasyi,500,Batman: Arkham Asylum,1251158400,85.70211529553796,"Hack and slash/Beat 'em up, Adventure",Third person,"[9, 72, 6, 14, 12, 130]"
wnyyjtde0ukieq8bbg2b,500,Batman: Arkham Asylum,1251158400,85.70211529553796,"Hack and slash/Beat 'em up, Adventure",Third person,"[9, 72, 6, 14, 12, 130]"
qrsf7hfmlwb4iscrq5xi,500,Batman: Arkham Asylum,1251158400,85.70211529553796,"Hack and slash/Beat 'em up, Adventure",Third person,"[9, 72, 6, 14, 12, 130]"
lfvtl3zmalcapqvexxta,500,Batman: Arkham Asylum,1251158400,85.70211529553796,"Hack and slash/Beat 'em up, Adventure",Third person,"[9, 72, 6, 14, 12, 130]"
k6pmzhxdngxvrykjffvu,500,Batman: Arkham Asylum,1251158400,85.70211529553796,"Hack and slash/Beat 'em up, Adventure",Third person,"[9, 72, 6, 14, 12, 130]"
oa1aojyglfomtmei2bnz,56,The Elder Scrolls III: Morrowind,1020211200,85.64280813051981,"Role-playing (RPG), Adventure","First person, Third person","[11, 6, 49]"
cz294woh56zofabgwrg0,56,The Elder Scrolls III: Morrowind,1020211200,85.64280813051981,"Role-playing (RPG), Adventure","First person, Third person","[11, 6, 49]"
arcaumaxvrddgkqf3grj,56,The Elder Scrolls III: Morrowind,1020211200,85.64280813051981,"Role-playing (RPG), Adventure","First person, Third person","[11, 6, 49]"
w3hqunm26ty87e87lxla,56,The Elder Scrolls III: Morrowind,1020211200,85.64280813051981,"Role-playing (RPG), Adventure","First person, Third person","[11, 6, 49]"
paf7hbj7usmzttg66gzu,56,The Elder Scrolls III: Morrowind,1020211200,85.64280813051981,"Role-playing (RPG), Adventure","First person, Third person","[11, 6, 49]"
sc92sp,56,The Elder Scrolls III: Morrowind,1020211200,85.64280813051981,"Role-playing (RPG), Adventure","First person, Third person","[11, 6, 49]"
sc92sq,56,The Elder Scrolls III: Morrowind,1020211200,85.64280813051981,"Role-playing (RPG), Adventure","First person, Third person","[11, 6, 49]"
sc92sr,56,The Elder Scrolls III: Morrowind,1020211200,85.64280813051981,"Role-playing (RPG), Adventure","First person, Third person","[11, 6, 49]"
sc92ss,56,The Elder Scrolls III: Morrowind,1020211200,85.64280813051981,"Role-playing (RPG), Adventure","First person, Third person","[11, 6, 49]"
sc92st,56,The Elder Scrolls III: Morrowind,1020211200,85.64280813051981,"Role-playing (RPG), Adventure","First person, Third person","[11, 6, 49]"
sc92su,56,The Elder Scrolls III: Morrowind,1020211200,85.64280813051981,"Role-playing (RPG), Adventure","First person, Third person","[11, 6, 49]"
sc92sv,56,The Elder Scrolls III: Morrowind,1020211200,85.64280813051981,"Role-playing (RPG), Adventure","First person, Third person","[11, 6, 49]"
ziif4tmanig4cbkws2g3,654,Company of Heroes,1158019200,85.48746154271846,"Real Time Strategy (RTS), Strategy",Bird view / Isometric,"[6, 39]"
spzerwnrod4fkwgafk3p,654,Company of Heroes,1158019200,85.48746154271846,"Real Time Strategy (RTS), Strategy",Bird view / Isometric,"[6, 39]"
wokthmguvmedphgpfmm7,654,Company of Heroes,1158019200,85.48746154271846,"Real Time Strategy (RTS), Strategy",Bird view / Isometric,"[6, 39]"
togcyizpo2enikuf9c8e,654,Company of Heroes,1158019200,85.48746154271846,"Real Time Strategy (RTS), Strategy",Bird view / Isometric,"[6, 39]"
lwwuuo0nahyz2hlhiwkq,654,Company of Heroes,1158019200,85.48746154271846,"Real Time Strategy (RTS), Strategy",Bird view / Isometric,"[6, 39]"
qttvqxkniqtxskdo5yoz,293,Sid Meier's Civilization IV,1130198400,85.34482887217179,"Simulator, Strategy, Turn-based strategy (TBS)",Bird view / Isometric,"[6, 14]"
yr5j9cryb2e0jegppdcd,293,Sid Meier's Civilization IV,1130198400,85.34482887217179,"Simulator, Strategy, Turn-based strategy (TBS)",Bird view / Isometric,"[6, 14]"
p1smrrigauo4tv5rxazv,293,Sid Meier's Civilization IV,1130198400,85.34482887217179,"Simulator, Strategy, Turn-based strategy (TBS)",Bird view / Isometric,"[6, 14]"
b6z5oktusu6m7dsisqma,293,Sid Meier's Civilization IV,1130198400,85.34482887217179,"Simulator, Strategy, Turn-based strategy (TBS)",Bird view / Isometric,"[6, 14]"
kuhmpezrhqjftzsplh8l,293,Sid Meier's Civilization IV,1130198400,85.34482887217179,"Simulator, Strategy, Turn-based strategy (TBS)",Bird view / Isometric,"[6, 14]"
lcggpti75aj21kw1ll1q,59,The Elder Scrolls IV: Oblivion,1142812800,85.22989500959105,"Role-playing (RPG), Adventure","First person, Third person","[9, 6, 12]"
ukzlpfeslbpypww0ptic,59,The Elder Scrolls IV: Oblivion,1142812800,85.22989500959105,"Role-playing (RPG), Adventure","First person, Third person","[9, 6, 12]"
qkxismtaqjwpkcxr3ip0,59,The Elder Scrolls IV: Oblivion,1142812800,85.22989500959105,"Role-playing (RPG), Adventure","First person, Third person","[9, 6, 12]"
uewfvvefkvqcgintaku7,59,The Elder Scrolls IV: Oblivion,1142812800,85.22989500959105,"Role-playing (RPG), Adventure","First person, Third person","[9, 6, 12]"
cg7od52ithliykhezsjo,59,The Elder Scrolls IV: Oblivion,1142812800,85.22989500959105,"Role-playing (RPG), Adventure","First person, Third person","[9, 6, 12]"
sctkqh,59,The Elder Scrolls IV: Oblivion,1142812800,85.22989500959105,"Role-playing (RPG), Adventure","First person, Third person","[9, 6, 12]"
scu5l1,59,The Elder Scrolls IV: Oblivion,1142812800,85.22989500959105,"Role-playing (RPG), Adventure","First person, Third person","[9, 6, 12]"
gnypujvy9ormuhicjrgl,5105,Fatal Frame II: Crimson Butterfly,1069891200,85.22934809223437,Adventure,"First person, Third person",[8]
qbd2gkmt90zsva6yhcww,5105,Fatal Frame II: Crimson Butterfly,1069891200,85.22934809223437,Adventure,"First person, Third person",[8]
jrjdorgq1lywptwsdtrv,5105,Fatal Frame II: Crimson Butterfly,1069891200,85.22934809223437,Adventure,"First person, Third person",[8]
n4ddvtrevsgqsc1wmmqo,5105,Fatal Frame II: Crimson Butterfly,1069891200,85.22934809223437,Adventure,"First person, Third person",[8]
sc5j9h,5105,Fatal Frame II: Crimson Butterfly,1069891200,85.22934809223437,Adventure,"First person, Third person",[8]
sc5j9j,5105,Fatal Frame II: Crimson Butterfly,1069891200,85.22934809223437,Adventure,"First person, Third person",[8]
sc5j9i,5105,Fatal Frame II: Crimson Butterfly,1069891200,85.22934809223437,Adventure,"First person, Third person",[8]
sc5j9k,5105,Fatal Frame II: Crimson Butterfly,1069891200,85.22934809223437,Adventure,"First person, Third person",[8]
y8ogspafaeoj3idr1m2m,98,Need for Speed: Most Wanted,1132012800,84.41768711081014,Racing,"First person, Third person","[6, 12]"
fs1wsb78w9kn6ovbtnjy,98,Need for Speed: Most Wanted,1132012800,84.41768711081014,Racing,"First person, Third person","[6, 12]"
hk4bruco13wfu1nnwovu,98,Need for Speed: Most Wanted,1132012800,84.41768711081014,Racing,"First person, Third person","[6, 12]"
dtlqztoznyrxbvaj8u0a,98,Need for Speed: Most Wanted,1132012800,84.41768711081014,Racing,"First person, Third person","[6, 12]"
w23yfsxxkcc078yrpl1e,98,Need for Speed: Most Wanted,1132012800,84.41768711081014,Racing,"First person, Third person","[6, 12]"
rnwhhebhp5wcxca3yfch,98,Need for Speed: Most Wanted,1132012800,84.41768711081014,Racing,"First person, Third person","[6, 12]"
zztwsl2znsv7kay6nfe4,98,Need for Speed: Most Wanted,1132012800,84.41768711081014,Racing,"First person, Third person","[6, 12]"
q7ntopdwhhxngv7fc1jp,98,Need for Speed: Most Wanted,1132012800,84.41768711081014,Racing,"First person, Third person","[6, 12]"
dkgfbtdjubjecjijtfb5,98,Need for Speed: Most Wanted,1132012800,84.41768711081014,Racing,"First person, Third person","[6, 12]"
d4i6hkjjvw25hsffjxqz,98,Need for Speed: Most Wanted,1132012800,84.41768711081014,Racing,"First person, Third person","[6, 12]"
zar9cnupwhjh8qfypxbe,623,Call of Duty 4: Modern Warfare,1194220800,84.24567520544286,"Shooter, Simulator",First person,"[9, 6, 14, 12]"
k8vtofhy4wxx1128z4rq,623,Call of Duty 4: Modern Warfare,1194220800,84.24567520544286,"Shooter, Simulator",First person,"[9, 6, 14, 12]"
r7mefu40043mgglor3jc,623,Call of Duty 4: Modern Warfare,1194220800,84.24567520544286,"Shooter, Simulator",First person,"[9, 6, 14, 12]"
q5pt64ftgqf8f2wmb9rd,623,Call of Duty 4: Modern Warfare,1194220800,84.24567520544286,"Shooter, Simulator",First person,"[9, 6, 14, 12]"
lt8wq0h2xqkjxwmt8djk,623,Call of Duty 4: Modern Warfare,1194220800,84.24567520544286,"Shooter, Simulator",First person,"[9, 6, 14, 12]"
ppkhu9pegv8hoabn9y6j,986,Halo 2,1099958400,84.1123344050144,Shooter,First person,"[11, 6, 49]"
b17my1yma83aotndxzmt,986,Halo 2,1099958400,84.1123344050144,Shooter,First person,"[11, 6, 49]"
fvacs3rdihmf3khuyalg,986,Halo 2,1099958400,84.1123344050144,Shooter,First person,"[11, 6, 49]"
ywej5ml7zsj7w5kyezyb,986,Halo 2,1099958400,84.1123344050144,Shooter,First person,"[11, 6, 49]"
r1kykziqlujrd5lfv4yu,986,Halo 2,1099958400,84.1123344050144,Shooter,First person,"[11, 6, 49]"
sccq8r,986,Halo 2,1099958400,84.1123344050144,Shooter,First person,"[11, 6, 49]"
sccq8s,986,Halo 2,1099958400,84.1123344050144,Shooter,First person,"[11, 6, 49]"
sccq8t,986,Halo 2,1099958400,84.1123344050144,Shooter,First person,"[11, 6, 49]"
sccq8u,986,Halo 2,1099958400,84.1123344050144,Shooter,First person,"[11, 6, 49]"
sccq8v,986,Halo 2,1099958400,84.1123344050144,Shooter,First person,"[11, 6, 49]"
sccq8w,986,Halo 2,1099958400,84.1123344050144,Shooter,First person,"[11, 6, 49]"
sccqbf,986,Halo 2,1099958400,84.1123344050144,Shooter,First person,"[11, 6, 49]"
azc4afiufxszg4dcgdo6,740,Halo: Combat Evolved,1005782400,83.90805814536357,Shooter,"First person, Third person","[11, 6, 14, 12]"
exkvyg7tunws33xpqv9i,740,Halo: Combat Evolved,1005782400,83.90805814536357,Shooter,"First person, Third person","[11, 6, 14, 12]"
ypa0eo6w0nouqaibnwdl,740,Halo: Combat Evolved,1005782400,83.90805814536357,Shooter,"First person, Third person","[11, 6, 14, 12]"
rimcyjzsezjx0f6swttl,740,Halo: Combat Evolved,1005782400,83.90805814536357,Shooter,"First person, Third person","[11, 6, 14, 12]"
eijng8zvsqwpsggrbz5j,740,Halo: Combat Evolved,1005782400,83.90805814536357,Shooter,"First person, Third person","[11, 6, 14, 12]"
qhiqlmwvvuaqxxn4cxlr,123,World of Warcraft,1101168000,83.86097131515847,"Role-playing (RPG), Adventure",Third person,"[6, 14]"
jxrygijnsvlyv0nu03mg,123,World of Warcraft,1101168000,83.86097131515847,"Role-playing (RPG), Adventure",Third person,"[6, 14]"
d2khfd34vxngas71dgci,123,World of Warcraft,1101168000,83.86097131515847,"Role-playing (RPG), Adventure",Third person,"[6, 14]"
kqkixazzsokqgoxmuish,123,World of Warcraft,1101168000,83.86097131515847,"Role-playing (RPG), Adventure",Third person,"[6, 14]"
jkx0hgiitlarrhewounf,123,World of Warcraft,1101168000,83.86097131515847,"Role-playing (RPG), Adventure",Third person,"[6, 14]"
sccqj5,123,World of Warcraft,1101168000,83.86097131515847,"Role-playing (RPG), Adventure",Third person,"[6, 14]"
sccqj6,123,World of Warcraft,1101168000,83.86097131515847,"Role-playing (RPG), Adventure",Third person,"[6, 14]"
sccqj7,123,World of Warcraft,1101168000,83.86097131515847,"Role-playing (RPG), Adventure",Third person,"[6, 14]"
sccqj8,123,World of Warcraft,1101168000,83.86097131515847,"Role-playing (RPG), Adventure",Third person,"[6, 14]"
sc89pv,480,Silent Hill,919814400,83.85053333103386,"Puzzle, Adventure",Third person,"[9, 7, 38]"
sc89pu,480,Silent Hill,919814400,83.85053333103386,"Puzzle, Adventure",Third person,"[9, 7, 38]"
sc89pt,480,Silent Hill,919814400,83.85053333103386,"Puzzle, Adventure",Third person,"[9, 7, 38]"
sc89pr,480,Silent Hill,919814400,83.85053333103386,"Puzzle, Adventure",Third person,"[9, 7, 38]"
sc89ps,480,Silent Hill,919814400,83.85053333103386,"Puzzle, Adventure",Third person,"[9, 7, 38]"
sc89pw,480,Silent Hill,919814400,83.85053333103386,"Puzzle, Adventure",Third person,"[9, 7, 38]"
sc89pz,480,Silent Hill,919814400,83.85053333103386,"Puzzle, Adventure",Third person,"[9, 7, 38]"
sc89py,480,Silent Hill,919814400,83.85053333103386,"Puzzle, Adventure",Third person,"[9, 7, 38]"
sc89px,480,Silent Hill,919814400,83.85053333103386,"Puzzle, Adventure",Third person,"[9, 7, 38]"
ahzfeu5f0xwtshma0lt8,549,God of War,1111449600,83.59243539103187,"Puzzle, Hack and slash/Beat 'em up, Adventure",Third person,[8]
rewytwkukyvkcs6mlzsq,549,God of War,1111449600,83.59243539103187,"Puzzle, Hack and slash/Beat 'em up, Adventure",Third person,[8]
j11tguq3dy5fqmpsipsp,549,God of War,1111449600,83.59243539103187,"Puzzle, Hack and slash/Beat 'em up, Adventure",Third person,[8]
scibe2,880,Resident Evil 2,885340800,83.48437953272034,"Shooter, Adventure",Third person,"[9, 21, 6, 46, 7, 38, 23]"
scibe3,880,Resident Evil 2,885340800,83.48437953272034,"Shooter, Adventure",Third person,"[9, 21, 6, 46, 7, 38, 23]"
scibe4,880,Resident Evil 2,885340800,83.48437953272034,"Shooter, Adventure",Third person,"[9, 21, 6, 46, 7, 38, 23]"
scibe5,880,Resident Evil 2,885340800,83.48437953272034,"Shooter, Adventure",Third person,"[9, 21, 6, 46, 7, 38, 23]"
scibe6,880,Resident Evil 2,885340800,83.48437953272034,"Shooter, Adventure",Third person,"[9, 21, 6, 46, 7, 38, 23]"
scibe7,880,Resident Evil 2,885340800,83.48437953272034,"Shooter, Adventure",Third person,"[9, 21, 6, 46, 7, 38, 23]"
scibei,880,Resident Evil 2,885340800,83.48437953272034,"Shooter, Adventure",Third person,"[9, 21, 6, 46, 7, 38, 23]"
scibej,880,Resident Evil 2,885340800,83.48437953272034,"Shooter, Adventure",Third person,"[9, 21, 6, 46, 7, 38, 23]"
scibek,880,Resident Evil 2,885340800,83.48437953272034,"Shooter, Adventure",Third person,"[9, 21, 6, 46, 7, 38, 23]"
scibel,880,Resident Evil 2,885340800,83.48437953272034,"Shooter, Adventure",Third person,"[9, 21, 6, 46, 7, 38, 23]"
scibem,880,Resident Evil 2,885340800,83.48437953272034,"Shooter, Adventure",Third person,"[9, 21, 6, 46, 7, 38, 23]"
sciben,880,Resident Evil 2,885340800,83.48437953272034,"Shooter, Adventure",Third person,"[9, 21, 6, 46, 7, 38, 23]"
belgt59onk6hro6et0ji,15,Fallout 3,1225152000,83.46234290545408,"Shooter, Role-playing (RPG)","First person, Third person","[9, 6, 12]"
j6vczdq7svdvttebwykb,15,Fallout 3,1225152000,83.46234290545408,"Shooter, Role-playing (RPG)","First person, Third person","[9, 6, 12]"
opjyvwt6eysdgpwbfsmt,15,Fallout 3,1225152000,83.46234290545408,"Shooter, Role-playing (RPG)","First person, Third person","[9, 6, 12]"
nfky0otqolphaqwu72ad,15,Fallout 3,1225152000,83.46234290545408,"Shooter, Role-playing (RPG)","First person, Third person","[9, 6, 12]"
u5ohhrd1rhgjsmtfazh1,15,Fallout 3,1225152000,83.46234290545408,"Shooter, Role-playing (RPG)","First person, Third person","[9, 6, 12]"
syifc6ldigzz0fabhaz5,1048,Hitman: Blood Money,1148601600,83.30569999769332,Shooter,"First person, Third person","[11, 6, 12, 8]"
uapof8nyj3myiglj3ktf,1048,Hitman: Blood Money,1148601600,83.30569999769332,Shooter,"First person, Third person","[11, 6, 12, 8]"
nwh2kytzcuvyjqbvltdj,1048,Hitman: Blood Money,1148601600,83.30569999769332,Shooter,"First person, Third person","[11, 6, 12, 8]"
sblvoeyd8wybwqh7kvfx,1048,Hitman: Blood Money,1148601600,83.30569999769332,Shooter,"First person, Third person","[11, 6, 12, 8]"
ysiptmvxtdihfzbicnea,1048,Hitman: Blood Money,1148601600,83.30569999769332,Shooter,"First person, Third person","[11, 6, 12, 8]"
sc87am,5761,Burnout 3: Takedown,1094169600,82.87148313595621,Racing,"First person, Third person","[11, 8]"
scsofd,5761,Burnout 3: Takedown,1094169600,82.87148313595621,Racing,"First person, Third person","[11, 8]"
scsofe,5761,Burnout 3: Takedown,1094169600,82.87148313595621,Racing,"First person, Third person","[11, 8]"
scsoff,5761,Burnout 3: Takedown,1094169600,82.87148313595621,Racing,"First person, Third person","[11, 8]"
yyl7tkgia6nktpurwf0x,438,Rome: Total War,1095811200,82.75682867475915,"Real Time Strategy (RTS), Simulator, Strategy, Turn-based strategy (TBS), Tactical",Bird view / Isometric,"[34, 6, 39, 14]"
qo6ouyown1s5lvh8kwmg,438,Rome: Total War,1095811200,82.75682867475915,"Real Time Strategy (RTS), Simulator, Strategy, Turn-based strategy (TBS), Tactical",Bird view / Isometric,"[34, 6, 39, 14]"
ohmkq4wnvc4itp93fe4f,438,Rome: Total War,1095811200,82.75682867475915,"Real Time Strategy (RTS), Simulator, Strategy, Turn-based strategy (TBS), Tactical",Bird view / Isometric,"[34, 6, 39, 14]"
ljkraib86a9t5w7vzw5h,438,Rome: Total War,1095811200,82.75682867475915,"Real Time Strategy (RTS), Simulator, Strategy, Turn-based strategy (TBS), Tactical",Bird view / Isometric,"[34, 6, 39, 14]"
tm4yardv53tbpq5erhib,438,Rome: Total War,1095811200,82.75682867475915,"Real Time Strategy (RTS), Simulator, Strategy, Turn-based strategy (TBS), Tactical",Bird view / Isometric,"[34, 6, 39, 14]"
qzgxs5t8zw40o2m290li,80,The Witcher,1193356800,82.2683044283421,"Role-playing (RPG), Adventure","Third person, Bird view / Isometric","[6, 14]"
qwrg0zmgl3hue6zs8bbb,80,The Witcher,1193356800,82.2683044283421,"Role-playing (RPG), Adventure","Third person, Bird view / Isometric","[6, 14]"
jquhmu9izv8i2zf3tb8l,80,The Witcher,1193356800,82.2683044283421,"Role-playing (RPG), Adventure","Third person, Bird view / Isometric","[6, 14]"
jhc0fbq7v6xnwqs9c4pm,80,The Witcher,1193356800,82.2683044283421,"Role-playing (RPG), Adventure","Third person, Bird view / Isometric","[6, 14]"
ekchkvznt1pkre0cvbpl,80,The Witcher,1193356800,82.2683044283421,"Role-playing (RPG), Adventure","Third person, Bird view / Isometric","[6, 14]"
dupcvfbrc7ermbgqqxlm,836,Prince of Persia: The Sands of Time,1068508800,81.97122473034844,"Platform, Puzzle, Adventure",Third person,"[11, 9, 21, 6, 8]"
u6rauppfnoluduuqjgwy,836,Prince of Persia: The Sands of Time,1068508800,81.97122473034844,"Platform, Puzzle, Adventure",Third person,"[11, 9, 21, 6, 8]"
j9d2pk3hffc1rhb1xj17,836,Prince of Persia: The Sands of Time,1068508800,81.97122473034844,"Platform, Puzzle, Adventure",Third person,"[11, 9, 21, 6, 8]"
gzl9to1j0xzo2eq6nvek,836,Prince of Persia: The Sands of Time,1068508800,81.97122473034844,"Platform, Puzzle, Adventure",Third person,"[11, 9, 21, 6, 8]"
cmqqfjoxeu9qtyzjxbli,836,Prince of Persia: The Sands of Time,1068508800,81.97122473034844,"Platform, Puzzle, Adventure",Third person,"[11, 9, 21, 6, 8]"
ggvkkgfccrlcgoduwnpc,3,Thief: Deadly Shadows,1085443200,81.89630930040019,"Shooter, Simulator, Adventure","First person, Third person","[11, 6]"
ynrqiomcxtdigktqlnpd,3,Thief: Deadly Shadows,1085443200,81.89630930040019,"Shooter, Simulator, Adventure","First person, Third person","[11, 6]"
ccvyu2a3t0ehowio0kcs,3,Thief: Deadly Shadows,1085443200,81.89630930040019,"Shooter, Simulator, Adventure","First person, Third person","[11, 6]"
pcdj2kkzs7ydwrxtgszs,3,Thief: Deadly Shadows,1085443200,81.89630930040019,"Shooter, Simulator, Adventure","First person, Third person","[11, 6]"
z8gvh3ozti5ct86ckhzo,3,Thief: Deadly Shadows,1085443200,81.89630930040019,"Shooter, Simulator, Adventure","First person, Third person","[11, 6]"
sc9fd0,425,Final Fantasy VIII,918691200,81.51467653705939,"Role-playing (RPG), Adventure","Third person, Bird view / Isometric","[9, 46, 7, 38]"
sc9fd5,425,Final Fantasy VIII,918691200,81.51467653705939,"Role-playing (RPG), Adventure","Third person, Bird view / Isometric","[9, 46, 7, 38]"
sc9fd1,425,Final Fantasy VIII,918691200,81.51467653705939,"Role-playing (RPG), Adventure","Third person, Bird view / Isometric","[9, 46, 7, 38]"
sc9fd2,425,Final Fantasy VIII,918691200,81.51467653705939,"Role-playing (RPG), Adventure","Third person, Bird view / Isometric","[9, 46, 7, 38]"
sc9fd3,425,Final Fantasy VIII,918691200,81.51467653705939,"Role-playing (RPG), Adventure","Third person, Bird view / Isometric","[9, 46, 7, 38]"
sc9fd4,425,Final Fantasy VIII,918691200,81.51467653705939,"Role-playing (RPG), Adventure","Third person, Bird view / Isometric","[9, 46, 7, 38]"
hklcrbypjwduceigroik,914,Tony Hawk's Pro Skater 3,1004227200,81.47711266478404,Sport,Third person,"[11, 21, 6, 14, 8]"
c0gwynkji2mcuvz410g8,914,Tony Hawk's Pro Skater 3,1004227200,81.47711266478404,Sport,Third person,"[11, 21, 6, 14, 8]"
lrtfkqbptlydnkfvmwmg,914,Tony Hawk's Pro Skater 3,1004227200,81.47711266478404,Sport,Third person,"[11, 21, 6, 14, 8]"
luqw5zzljwgxdaznimog,914,Tony Hawk's Pro Skater 3,1004227200,81.47711266478404,Sport,Third person,"[11, 21, 6, 14, 8]"
gutc9vsstkxumzkmw3jj,914,Tony Hawk's Pro Skater 3,1004227200,81.47711266478404,Sport,Third person,"[11, 21, 6, 14, 8]"
jfcrdcguoxfuldo5blr3,966,Resident Evil 3: Nemesis,937958400,80.65521355357836,"Shooter, Puzzle, Adventure",Third person,"[9, 21, 6, 46, 7, 38, 23]"
v5taxpsxbengllwhep6n,966,Resident Evil 3: Nemesis,937958400,80.65521355357836,"Shooter, Puzzle, Adventure",Third person,"[9, 21, 6, 46, 7, 38, 23]"
ngjabdx9cx5zpwi8p3ea,966,Resident Evil 3: Nemesis,937958400,80.65521355357836,"Shooter, Puzzle, Adventure",Third person,"[9, 21, 6, 46, 7, 38, 23]"
mfy5tjimkowdsjmkx4tj,966,Resident Evil 3: Nemesis,937958400,80.65521355357836,"Shooter, Puzzle, Adventure",Third person,"[9, 21, 6, 46, 7, 38, 23]"
rvjb70g68lwwehqnqpa9,966,Resident Evil 3: Nemesis,937958400,80.65521355357836,"Shooter, Puzzle, Adventure",Third person,"[9, 21, 6, 46, 7, 38, 23]"
wiwmyubr1753px6p5emi,966,Resident Evil 3: Nemesis,937958400,80.65521355357836,"Shooter, Puzzle, Adventure",Third person,"[9, 21, 6, 46, 7, 38, 23]"
dac3qjahaxymbnuh4j18,966,Resident Evil 3: Nemesis,937958400,80.65521355357836,"Shooter, Puzzle, Adventure",Third person,"[9, 21, 6, 46, 7, 38, 23]"
ptgwkx3xebyhs2lqkg0a,966,Resident Evil 3: Nemesis,937958400,80.65521355357836,"Shooter, Puzzle, Adventure",Third person,"[9, 21, 6, 46, 7, 38, 23]"
ilnxskvdmkhl3flo7bnp,273,Unreal,895795200,80.6444316144676,"Shooter, Platform",First person,"[6, 14, 416]"
p7xmrhtcomh9g4qvkto7,273,Unreal,895795200,80.6444316144676,"Shooter, Platform",First person,"[6, 14, 416]"
scljdo,273,Unreal,895795200,80.6444316144676,"Shooter, Platform",First person,"[6, 14, 416]"
scqkvk,296,Crysis,1194912000,80.52417181700015,"Shooter, Adventure",First person,"[9, 6, 12]"
scqkvm,296,Crysis,1194912000,80.52417181700015,"Shooter, Adventure",First person,"[9, 6, 12]"
scqkvn,296,Crysis,1194912000,80.52417181700015,"Shooter, Adventure",First person,"[9, 6, 12]"
scqkvj,296,Crysis,1194912000,80.52417181700015,"Shooter, Adventure",First person,"[9, 6, 12]"
scqkvl,296,Crysis,1194912000,80.52417181700015,"Shooter, Adventure",First person,"[9, 6, 12]"
sctnfv,296,Crysis,1194912000,80.52417181700015,"Shooter, Adventure",First person,"[9, 6, 12]"
sctnfw,296,Crysis,1194912000,80.52417181700015,"Shooter, Adventure",First person,"[9, 6, 12]"
sctkqi,296,Crysis,1194912000,80.52417181700015,"Shooter, Adventure",First person,"[9, 6, 12]"
scc9gr,1156,Tomb Raider II,880070400,80.27000786598154,"Shooter, Platform, Puzzle, Adventure",Third person,"[9, 6, 14, 7, 38]"
scc9gs,1156,Tomb Raider II,880070400,80.27000786598154,"Shooter, Platform, Puzzle, Adventure",Third person,"[9, 6, 14, 7, 38]"
scc9gt,1156,Tomb Raider II,880070400,80.27000786598154,"Shooter, Platform, Puzzle, Adventure",Third person,"[9, 6, 14, 7, 38]"
scc9gq,1156,Tomb Raider II,880070400,80.27000786598154,"Shooter, Platform, Puzzle, Adventure",Third person,"[9, 6, 14, 7, 38]"
scc9gp,1156,Tomb Raider II,880070400,80.27000786598154,"Shooter, Platform, Puzzle, Adventure",Third person,"[9, 6, 14, 7, 38]"
ntobpmtenfzasaxryayd,234,Guild Wars,1117065600,79.75422828869172,"Role-playing (RPG), Strategy, Adventure","First person, Third person, Bird view / Isometric",[6]
fqd3rzlogpv2xkotkzh2,234,Guild Wars,1117065600,79.75422828869172,"Role-playing (RPG), Strategy, Adventure","First person, Third person, Bird view / Isometric",[6]
z7lmgcl7wxfmz9lemy5x,234,Guild Wars,1117065600,79.75422828869172,"Role-playing (RPG), Strategy, Adventure","First person, Third person, Bird view / Isometric",[6]
bpxne7puintutyr8b8tb,234,Guild Wars,1117065600,79.75422828869172,"Role-playing (RPG), Strategy, Adventure","First person, Third person, Bird view / Isometric",[6]
sapaqogmut8s7qjso6jv,234,Guild Wars,1117065600,79.75422828869172,"Role-playing (RPG), Strategy, Adventure","First person, Third person, Bird view / Isometric",[6]
scepfb,1576,Spyro the Dragon,905299200,78.54182242264095,"Platform, Adventure",Third person,"[9, 7, 38]"
scepfc,1576,Spyro the Dragon,905299200,78.54182242264095,"Platform, Adventure",Third person,"[9, 7, 38]"
scepf9,1576,Spyro the Dragon,905299200,78.54182242264095,"Platform, Adventure",Third person,"[9, 7, 38]"
scepfa,1576,Spyro the Dragon,905299200,78.54182242264095,"Platform, Adventure",Third person,"[9, 7, 38]"
p4u78utviaojwj8ux0mh,307,Counter-Strike: Source,1099267200,78.33206208866567,Shooter,First person,"[3, 6, 14]"
mqwk9zuo1edj2wbmjf98,307,Counter-Strike: Source,1099267200,78.33206208866567,Shooter,First person,"[3, 6, 14]"
ohafqlueosmaza9dtzpa,307,Counter-Strike: Source,1099267200,78.33206208866567,Shooter,First person,"[3, 6, 14]"
ajtneoivbdbfkfebhorj,307,Counter-Strike: Source,1099267200,78.33206208866567,Shooter,First person,"[3, 6, 14]"
zplhzhsugfsgwsgpmyts,307,Counter-Strike: Source,1099267200,78.33206208866567,Shooter,First person,"[3, 6, 14]"
scmxy1,225246,The Sims 2,1130112000,77.66329345892291,"Role-playing (RPG), Simulator, Strategy, Adventure","First person, Third person, Bird view / Isometric","[11, 21, 8]"
scmxy2,225246,The Sims 2,1130112000,77.66329345892291,"Role-playing (RPG), Simulator, Strategy, Adventure","First person, Third person, Bird view / Isometric","[11, 21, 8]"
scmxy3,225246,The Sims 2,1130112000,77.66329345892291,"Role-playing (RPG), Simulator, Strategy, Adventure","First person, Third person, Bird view / Isometric","[11, 21, 8]"
sc6vme,2971,Lineage II,1064966400,75.08929956156314,"Role-playing (RPG), Adventure",Third person,[6]
sc6vmi,2971,Lineage II,1064966400,75.08929956156314,"Role-playing (RPG), Adventure",Third person,[6]
sc6vmf,2971,Lineage II,1064966400,75.08929956156314,"Role-playing (RPG), Adventure",Third person,[6]
sc6vmg,2971,Lineage II,1064966400,75.08929956156314,"Role-playing (RPG), Adventure",Third person,[6]
sc6vmd,2971,Lineage II,1064966400,75.08929956156314,"Role-playing (RPG), Adventure",Third person,[6]
sc6vmh,2971,Lineage II,1064966400,75.08929956156314,"Role-playing (RPG), Adventure",Third person,[6]
sc8fra,21911,LittleBigPlanet,1258416000,74.05245509364028,"Platform, Puzzle, Adventure",Side view,[38]
sc8frb,21911,LittleBigPlanet,1258416000,74.05245509364028,"Platform, Puzzle, Adventure",Side view,[38]
sc8frc,21911,LittleBigPlanet,1258416000,74.05245509364028,"Platform, Puzzle, Adventure",Side view,[38]
sc8frd,21911,LittleBigPlanet,1258416000,74.05245509364028,"Platform, Puzzle, Adventure",Side view,[38]
vc7aart1lh126zay0bht,128,Assassin's Creed,1194912000,73.25542819173917,"Platform, Adventure",Third person,"[9, 12]"
yzvxp1kl4cyyepaip8rq,128,Assassin's Creed,1194912000,73.25542819173917,"Platform, Adventure",Third person,"[9, 12]"
dzl38kiyengi9xykvjvm,128,Assassin's Creed,1194912000,73.25542819173917,"Platform, Adventure",Third person,"[9, 12]"
vk3hdbmtvtvp4n49y0zb,128,Assassin's Creed,1194912000,73.25542819173917,"Platform, Adventure",Third person,"[9, 12]"
ystcwk7tz9vbywph3bqk,128,Assassin's Creed,1194912000,73.25542819173917,"Platform, Adventure",Third person,"[9, 12]"
y80lcgfrhah0cv3u0bcb,1876,Spore,1220486400,72.4970500521454,"Real Time Strategy (RTS), Role-playing (RPG), Simulator, Strategy, Adventure","Third person, Bird view / Isometric","[6, 14]"
jntqkmil5fd8riq0b56s,1876,Spore,1220486400,72.4970500521454,"Real Time Strategy (RTS), Role-playing (RPG), Simulator, Strategy, Adventure","Third person, Bird view / Isometric","[6, 14]"
lworknq38b9yhzqnpdjp,1876,Spore,1220486400,72.4970500521454,"Real Time Strategy (RTS), Role-playing (RPG), Simulator, Strategy, Adventure","Third person, Bird view / Isometric","[6, 14]"
gnmj1uc4gmiuhcb5ihx2,1876,Spore,1220486400,72.4970500521454,"Real Time Strategy (RTS), Role-playing (RPG), Simulator, Strategy, Adventure","Third person, Bird view / Isometric","[6, 14]"
ese5mvgiiv0lpzgzdbej,1876,Spore,1220486400,72.4970500521454,"Real Time Strategy (RTS), Role-playing (RPG), Simulator, Strategy, Adventure","Third person, Bird view / Isometric","[6, 14]"
hh3dpuxkeg5sxt5etjyw,42,Deus Ex: Invisible War,1070323200,62.53353582714934,"Shooter, Role-playing (RPG)",First person,"[11, 6]"
cmsyualloecuawmj4dc2,42,Deus Ex: Invisible War,1070323200,62.53353582714934,"Shooter, Role-playing (RPG)",First person,"[11, 6]"
boaivf8bvafr9wohps1e,42,Deus Ex: Invisible War,1070323200,62.53353582714934,"Shooter, Role-playing (RPG)",First person,"[11, 6]"
amz80bteucdquadhxeoc,42,Deus Ex: Invisible War,1070323200,62.53353582714934,"Shooter, Role-playing (RPG)",First person,"[11, 6]"
dh6cylhwlb9lgn59ysya,42,Deus Ex: Invisible War,1070323200,62.53353582714934,"Shooter, Role-playing (RPG)",First person,"[11, 6]"
